age_group,variant,clicks,sessions,CTR
18-30,control,4600,25576,0.17985611510791366
18-30,variant,8943,36029,0.2482167143134697
31-45,control,6064,34034,0.17817476641006053
31-45,variant,9738,39303,0.2477673460041218
46-60,control,5439,29933,0.18170580964153277
46-60,variant,9474,38097,0.2486809985038192
