device,variant,clicks,sessions,CTR
Android,control,6344,35447,0.1789714221231698
Android,variant,11316,45392,0.24929502996122666
Web,control,3133,17585,0.1781632072789309
Web,variant,5255,21363,0.2459860506483172
iOS,control,6626,36511,0.18147955410698147
iOS,variant,11584,46674,0.2481895702103955
