variant,sessions,unique_users,avg_session_length,total_clicks,total_conversions,CTR,Conversion_Rate
control,89543,2493,12.0194887643288,16103,3112,0.17983538635069185,0.034754252147013165
variant,113429,2507,15.00523526832151,28155,4556,0.24821694628357827,0.04016609509032082
