region,variant,clicks,sessions,CTR
APAC,control,4103,22723,0.1805659463979228
APAC,variant,6481,26365,0.24581831974208232
EU,control,4266,23730,0.1797724399494311
EU,variant,6969,27803,0.25065640398518146
LATAM,control,4093,22791,0.17958843403097713
LATAM,variant,7360,29702,0.24779476129553565
US,control,3641,20299,0.17936844179516231
US,variant,7345,29559,0.24848607869007747
